id,商品名称,天猫标签,标签数量
38238938859,阿道夫 滋润修护洗发乳液 ,气味不错,2987
38238938859,阿道夫 滋润修护洗发乳液 ,很便宜,1330
38238938859,阿道夫 滋润修护洗发乳液 ,质量很好,922
38238938859,阿道夫 滋润修护洗发乳液 ,顺滑度不错,776
38238938859,阿道夫 滋润修护洗发乳液 ,快递不错,679
38238938859,阿道夫 滋润修护洗发乳液 ,气味一般,131
38238938859,阿道夫 滋润修护洗发乳液 ,气味不错,2987
38238938859,阿道夫 滋润修护洗发乳液 ,很便宜,1330
38238938859,阿道夫 滋润修护洗发乳液 ,质量很好,922
38238938859,阿道夫 滋润修护洗发乳液 ,顺滑度不错,776
38238938859,阿道夫 滋润修护洗发乳液 ,快递不错,679
38238938859,阿道夫 滋润修护洗发乳液 ,气味一般,131
38238938859,阿道夫 滋润修护洗发乳液 ,气味不错,2987
38238938859,阿道夫 滋润修护洗发乳液 ,很便宜,1330
38238938859,阿道夫 滋润修护洗发乳液 ,质量很好,922
38238938859,阿道夫 滋润修护洗发乳液 ,顺滑度不错,776
38238938859,阿道夫 滋润修护洗发乳液 ,快递不错,679
38238938859,阿道夫 滋润修护洗发乳液 ,气味一般,131
523061064785,施华蔻男士洗发水控油祛屑洗发水无硅油 修护洗头膏男士专用450ml ,质量好,84
523061064785,施华蔻男士洗发水控油祛屑洗发水无硅油 修护洗头膏男士专用450ml ,味道好闻,74
523061064785,施华蔻男士洗发水控油祛屑洗发水无硅油 修护洗头膏男士专用450ml ,实惠,69
523061064785,施华蔻男士洗发水控油祛屑洗发水无硅油 修护洗头膏男士专用450ml ,包装不错,44
523061064785,施华蔻男士洗发水控油祛屑洗发水无硅油 修护洗头膏男士专用450ml ,快递不错,42
523061064785,施华蔻男士洗发水控油祛屑洗发水无硅油 修护洗头膏男士专用450ml ,质量一般,20
528727834611,L＇oreal/欧莱雅 男士去屑洗发露(炭爽去油） ,质量很好,525
528727834611,L＇oreal/欧莱雅 男士去屑洗发露(炭爽去油） ,味道好闻,405
528727834611,L＇oreal/欧莱雅 男士去屑洗发露(炭爽去油） ,快递不错,372
528727834611,L＇oreal/欧莱雅 男士去屑洗发露(炭爽去油） ,便宜,308
528727834611,L＇oreal/欧莱雅 男士去屑洗发露(炭爽去油） ,也很控油,242
528727834611,L＇oreal/欧莱雅 男士去屑洗发露(炭爽去油） ,质量一般,60
45433610572,KERASTASE/卡诗 双重功能洗发水 ,包装挺好,373
45433610572,KERASTASE/卡诗 双重功能洗发水 ,很划算,272
45433610572,KERASTASE/卡诗 双重功能洗发水 ,控油效果好,243
45433610572,KERASTASE/卡诗 双重功能洗发水 ,味道好闻,194
45433610572,KERASTASE/卡诗 双重功能洗发水 ,质量不错,153
45433610572,KERASTASE/卡诗 双重功能洗发水 ,质量一般,25
533914706985,植观 百里香蓬松丰盈系列氨基酸洗发水 ,味道好闻,1424
533914706985,植观 百里香蓬松丰盈系列氨基酸洗发水 ,实惠,1134
533914706985,植观 百里香蓬松丰盈系列氨基酸洗发水 ,质量很好,924
533914706985,植观 百里香蓬松丰盈系列氨基酸洗发水 ,态度不错,774
533914706985,植观 百里香蓬松丰盈系列氨基酸洗发水 ,超级控油,473
533914706985,植观 百里香蓬松丰盈系列氨基酸洗发水 ,味道不好闻,210
567147095056,清扬男士去屑洗发水露套装活力清爽控油止痒去油洗头膏官方旗舰店 ,便宜,72
567147095056,清扬男士去屑洗发水露套装活力清爽控油止痒去油洗头膏官方旗舰店 ,质量不错,46
567147095056,清扬男士去屑洗发水露套装活力清爽控油止痒去油洗头膏官方旗舰店 ,正品,31
567147095056,清扬男士去屑洗发水露套装活力清爽控油止痒去油洗头膏官方旗舰店 ,物流快,28
567147095056,清扬男士去屑洗发水露套装活力清爽控油止痒去油洗头膏官方旗舰店 ,气味不错,15
567147095056,清扬男士去屑洗发水露套装活力清爽控油止痒去油洗头膏官方旗舰店 ,质量一般,3
557852247211,Shiseido/资生堂 不老林控油 ,质量不错,45
557852247211,Shiseido/资生堂 不老林控油 ,气味不错,35
557852247211,Shiseido/资生堂 不老林控油 ,快递不错,25
557852247211,Shiseido/资生堂 不老林控油 ,包装挺好,11
557852247211,Shiseido/资生堂 不老林控油 ,人群,8
557852247211,Shiseido/资生堂 不老林控油 ,小贵,12
538681562496,阿道夫 轻柔丝滑洗发乳液 ,气味不错,1451
538681562496,阿道夫 轻柔丝滑洗发乳液 ,质量很好,631
538681562496,阿道夫 轻柔丝滑洗发乳液 ,便宜,629
538681562496,阿道夫 轻柔丝滑洗发乳液 ,正品,435
538681562496,阿道夫 轻柔丝滑洗发乳液 ,物流快,425
538681562496,阿道夫 轻柔丝滑洗发乳液 ,气味一般,75
565345415007,【官方正品】紫吕滋养韧发洗发水护发素(油性头皮)套装香400ml*2 ,味道好闻,133
565345415007,【官方正品】紫吕滋养韧发洗发水护发素(油性头皮)套装香400ml*2 ,很划算,129
565345415007,【官方正品】紫吕滋养韧发洗发水护发素(油性头皮)套装香400ml*2 ,包装很好,126
565345415007,【官方正品】紫吕滋养韧发洗发水护发素(油性头皮)套装香400ml*2 ,质量很好,101
565345415007,【官方正品】紫吕滋养韧发洗发水护发素(油性头皮)套装香400ml*2 ,不油,52
565345415007,【官方正品】紫吕滋养韧发洗发水护发素(油性头皮)套装香400ml*2 ,味道不好闻,46
565345415007,【官方正品】紫吕滋养韧发洗发水护发素(油性头皮)套装香400ml*2 ,味道好闻,133
565345415007,【官方正品】紫吕滋养韧发洗发水护发素(油性头皮)套装香400ml*2 ,很划算,129
565345415007,【官方正品】紫吕滋养韧发洗发水护发素(油性头皮)套装香400ml*2 ,包装很好,126
565345415007,【官方正品】紫吕滋养韧发洗发水护发素(油性头皮)套装香400ml*2 ,质量很好,101
565345415007,【官方正品】紫吕滋养韧发洗发水护发素(油性头皮)套装香400ml*2 ,不油,52
565345415007,【官方正品】紫吕滋养韧发洗发水护发素(油性头皮)套装香400ml*2 ,味道不好闻,46
25579932680,oba/欧芭 欧芭油弱去屑洗发乳霜A5 ,味道好闻,30
25579932680,oba/欧芭 欧芭油弱去屑洗发乳霜A5 ,质量好,19
25579932680,oba/欧芭 欧芭油弱去屑洗发乳霜A5 ,实惠,18
25579932680,oba/欧芭 欧芭油弱去屑洗发乳霜A5 ,物流快,11
25579932680,oba/欧芭 欧芭油弱去屑洗发乳霜A5 ,很去油,6
25579932680,oba/欧芭 欧芭油弱去屑洗发乳霜A5 ,价格贵,11
567540353408,RE-SHOW/瑞丝 养元乌发洗发水 ,质量好,413
567540353408,RE-SHOW/瑞丝 养元乌发洗发水 ,服务不错,328
567540353408,RE-SHOW/瑞丝 养元乌发洗发水 ,物流快,168
567540353408,RE-SHOW/瑞丝 养元乌发洗发水 ,味道好闻,129
567540353408,RE-SHOW/瑞丝 养元乌发洗发水 ,清洁度强,48
567540353408,RE-SHOW/瑞丝 养元乌发洗发水 ,防晒效果一般,81
38393021990,阿道夫 净澈清爽洗发水+沐浴露 ,气味不错,243
38393021990,阿道夫 净澈清爽洗发水+沐浴露 ,质量好,70
38393021990,阿道夫 净澈清爽洗发水+沐浴露 ,物流快,51
38393021990,阿道夫 净澈清爽洗发水+沐浴露 ,服务好,37
38393021990,阿道夫 净澈清爽洗发水+沐浴露 ,正品,34
38393021990,阿道夫 净澈清爽洗发水+沐浴露 ,气味一般,20
565259442086,【官方正品】红吕洗发水护发素洗护套装柔顺修护干枯香400ml*2 ,味道好闻,220
565259442086,【官方正品】红吕洗发水护发素洗护套装柔顺修护干枯香400ml*2 ,便宜,127
565259442086,【官方正品】红吕洗发水护发素洗护套装柔顺修护干枯香400ml*2 ,质量好,88
565259442086,【官方正品】红吕洗发水护发素洗护套装柔顺修护干枯香400ml*2 ,包装不错,83
565259442086,【官方正品】红吕洗发水护发素洗护套装柔顺修护干枯香400ml*2 ,清洁度强,32
565259442086,【官方正品】红吕洗发水护发素洗护套装柔顺修护干枯香400ml*2 ,味道不好闻,35
544941813382,马丁 洗发水 ,气味不错,8315
544941813382,马丁 洗发水 ,质量不错,3770
544941813382,马丁 洗发水 ,物流快,1956
544941813382,马丁 洗发水 ,很划算,1563
544941813382,马丁 洗发水 ,洗发水不错,1541
544941813382,马丁 洗发水 ,气味一般,1577
20123750589,海飞丝 男士净爽控油型去屑洗发露 ,快递不错,218
20123750589,海飞丝 男士净爽控油型去屑洗发露 ,很便宜,172
20123750589,海飞丝 男士净爽控油型去屑洗发露 ,质量很好,143
20123750589,海飞丝 男士净爽控油型去屑洗发露 ,气味不错,63
20123750589,海飞丝 男士净爽控油型去屑洗发露 ,是正品,44
20123750589,海飞丝 男士净爽控油型去屑洗发露 ,质量一般,14
39045229672,施华蔻多效修护19氨基酸洗发水润发乳改善毛躁女士洗护套装800ml ,味道好闻,16
39045229672,施华蔻多效修护19氨基酸洗发水润发乳改善毛躁女士洗护套装800ml ,质量不错,3
39045229672,施华蔻多效修护19氨基酸洗发水润发乳改善毛躁女士洗护套装800ml ,很划算,3
39045229672,施华蔻多效修护19氨基酸洗发水润发乳改善毛躁女士洗护套装800ml ,物流快,3
39045229672,施华蔻多效修护19氨基酸洗发水润发乳改善毛躁女士洗护套装800ml ,价格贵,3
576014207851,海飞丝 海飞丝丝质柔滑洗发水700ml*2 ,便宜,107
576014207851,海飞丝 海飞丝丝质柔滑洗发水700ml*2 ,快递不错,86
576014207851,海飞丝 海飞丝丝质柔滑洗发水700ml*2 ,质量不错,56
576014207851,海飞丝 海飞丝丝质柔滑洗发水700ml*2 ,是正品,48
576014207851,海飞丝 海飞丝丝质柔滑洗发水700ml*2 ,气味不错,29
576014207851,海飞丝 海飞丝丝质柔滑洗发水700ml*2 ,顺滑度不错,9
575245010933,Hair Recipe发之食谱苹果生姜洗发水无硅油控油护发素280套装 ,味道好闻,1255
575245010933,Hair Recipe发之食谱苹果生姜洗发水无硅油控油护发素280套装 ,快递不错,235
575245010933,Hair Recipe发之食谱苹果生姜洗发水无硅油控油护发素280套装 ,划算,218
575245010933,Hair Recipe发之食谱苹果生姜洗发水无硅油控油护发素280套装 ,质量好,201
575245010933,Hair Recipe发之食谱苹果生姜洗发水无硅油控油护发素280套装 ,清洁度强,129
575245010933,Hair Recipe发之食谱苹果生姜洗发水无硅油控油护发素280套装 ,质量一般,42
536955781121,阿道夫 洗护沐(轻柔+护发+幽香) ,气味不错,50
536955781121,阿道夫 洗护沐(轻柔+护发+幽香) ,质量好,16
536955781121,阿道夫 洗护沐(轻柔+护发+幽香) ,便宜,11
536955781121,阿道夫 洗护沐(轻柔+护发+幽香) ,顺滑度不错,10
536955781121,阿道夫 洗护沐(轻柔+护发+幽香) ,送了赠品,8
536955781121,阿道夫 洗护沐(轻柔+护发+幽香) ,气味一般,5
536987813027,阿道夫 轻柔+魅力 ,气味不错,136
536987813027,阿道夫 轻柔+魅力 ,质量好,50
536987813027,阿道夫 轻柔+魅力 ,快递不错,26
536987813027,阿道夫 轻柔+魅力 ,服务态度好,20
536987813027,阿道夫 轻柔+魅力 ,洗发水很好,20
536987813027,阿道夫 轻柔+魅力 ,气味一般,12
559382559609,KERASTASE/卡诗 头皮系列根源特护洗发水 ,包装很好,182
559382559609,KERASTASE/卡诗 头皮系列根源特护洗发水 ,味道好闻,112
559382559609,KERASTASE/卡诗 头皮系列根源特护洗发水 ,很便宜,112
559382559609,KERASTASE/卡诗 头皮系列根源特护洗发水 ,质量很好,105
559382559609,KERASTASE/卡诗 头皮系列根源特护洗发水 ,清洁度强,57
559382559609,KERASTASE/卡诗 头皮系列根源特护洗发水 ,不便宜,77
533913718635,植观 矢车菊清爽控油系列氨基酸洗发水 ,味道好闻,586
533913718635,植观 矢车菊清爽控油系列氨基酸洗发水 ,实惠,400
533913718635,植观 矢车菊清爽控油系列氨基酸洗发水 ,买的控油的,375
533913718635,植观 矢车菊清爽控油系列氨基酸洗发水 ,服务态度好,263
533913718635,植观 矢车菊清爽控油系列氨基酸洗发水 ,质量很好,262
533913718635,植观 矢车菊清爽控油系列氨基酸洗发水 ,质量一般,67
37586958831,清扬男士去屑洗发水露清爽控油止痒洗发乳750ml旗舰店官方洗头膏 ,便宜,261
37586958831,清扬男士去屑洗发水露清爽控油止痒洗发乳750ml旗舰店官方洗头膏 ,质量很好,174
37586958831,清扬男士去屑洗发水露清爽控油止痒洗发乳750ml旗舰店官方洗头膏 ,快递不错,131
37586958831,清扬男士去屑洗发水露清爽控油止痒洗发乳750ml旗舰店官方洗头膏 ,是正品,101
37586958831,清扬男士去屑洗发水露清爽控油止痒洗发乳750ml旗舰店官方洗头膏 ,气味不错,60
37586958831,清扬男士去屑洗发水露清爽控油止痒洗发乳750ml旗舰店官方洗头膏 ,质量一般,38
526415737630,海飞丝 清爽去油洗发水 ,实惠,3499
526415737630,海飞丝 清爽去油洗发水 ,质量不错,1306
526415737630,海飞丝 清爽去油洗发水 ,物流快,1104
526415737630,海飞丝 清爽去油洗发水 ,正品,934
526415737630,海飞丝 清爽去油洗发水 ,气味不错,519
526415737630,海飞丝 清爽去油洗发水 ,质量一般,107
43971961932,海飞丝 丝质柔滑去屑洗发露 ,质量很好,123
43971961932,海飞丝 丝质柔滑去屑洗发露 ,正品,122
43971961932,海飞丝 丝质柔滑去屑洗发露 ,很划算,117
43971961932,海飞丝 丝质柔滑去屑洗发露 ,物流快,102
43971961932,海飞丝 丝质柔滑去屑洗发露 ,气味不错,98
43971961932,海飞丝 丝质柔滑去屑洗发露 ,质量一般,10
562934968982,资生堂FINO美容复合精华洗发水护发素套装550ml*2  染烫受损护理 ,味道好闻,663
562934968982,资生堂FINO美容复合精华洗发水护发素套装550ml*2  染烫受损护理 ,质量好,280
562934968982,资生堂FINO美容复合精华洗发水护发素套装550ml*2  染烫受损护理 ,物流快,257
562934968982,资生堂FINO美容复合精华洗发水护发素套装550ml*2  染烫受损护理 ,包装不错,226
562934968982,资生堂FINO美容复合精华洗发水护发素套装550ml*2  染烫受损护理 ,保湿滋润,128
562934968982,资生堂FINO美容复合精华洗发水护发素套装550ml*2  染烫受损护理 ,质量一般,53
528046323394,L＇oreal/欧莱雅 男士去屑洗发露(活泉劲爽) ,质量不错,131
528046323394,L＇oreal/欧莱雅 男士去屑洗发露(活泉劲爽) ,味道好闻,110
528046323394,L＇oreal/欧莱雅 男士去屑洗发露(活泉劲爽) ,物流快,110
528046323394,L＇oreal/欧莱雅 男士去屑洗发露(活泉劲爽) ,很便宜,78
528046323394,L＇oreal/欧莱雅 男士去屑洗发露(活泉劲爽) ,清洁度强,61
528046323394,L＇oreal/欧莱雅 男士去屑洗发露(活泉劲爽) ,质量一般,9
13914880109,海飞丝 清爽去油 洗发露 ,快递不错,1226
13914880109,海飞丝 清爽去油 洗发露 ,很便宜,993
13914880109,海飞丝 清爽去油 洗发露 ,质量好,918
13914880109,海飞丝 清爽去油 洗发露 ,是正品,487
13914880109,海飞丝 清爽去油 洗发露 ,气味不错,330
13914880109,海飞丝 清爽去油 洗发露 ,质量一般,75
559773590333,欧莱雅美发精油润养女士洗发水护发素洗护套装1.4L正品持久留香 ,划算,2252
559773590333,欧莱雅美发精油润养女士洗发水护发素洗护套装1.4L正品持久留香 ,味道好闻,1335
559773590333,欧莱雅美发精油润养女士洗发水护发素洗护套装1.4L正品持久留香 ,质量好,788
559773590333,欧莱雅美发精油润养女士洗发水护发素洗护套装1.4L正品持久留香 ,快递不错,684
559773590333,欧莱雅美发精油润养女士洗发水护发素洗护套装1.4L正品持久留香 ,是正品,239
559773590333,欧莱雅美发精油润养女士洗发水护发素洗护套装1.4L正品持久留香 ,质量一般,78
564042395450,欧莱雅美发茶树植萃去头屑控油男士女士精油洗发水500*2套装正品 ,味道好闻,471
564042395450,欧莱雅美发茶树植萃去头屑控油男士女士精油洗发水500*2套装正品 ,实惠,324
564042395450,欧莱雅美发茶树植萃去头屑控油男士女士精油洗发水500*2套装正品 ,清洁度强,261
564042395450,欧莱雅美发茶树植萃去头屑控油男士女士精油洗发水500*2套装正品 ,质量好,233
564042395450,欧莱雅美发茶树植萃去头屑控油男士女士精油洗发水500*2套装正品 ,去油挺好的,226
564042395450,欧莱雅美发茶树植萃去头屑控油男士女士精油洗发水500*2套装正品 ,质量一般,42
18884004316,联合利华清扬男士活力运动洗发露水500g+凌仕沐浴乳清洁600g套装 ,便宜,222
18884004316,联合利华清扬男士活力运动洗发露水500g+凌仕沐浴乳清洁600g套装 ,气味不错,182
18884004316,联合利华清扬男士活力运动洗发露水500g+凌仕沐浴乳清洁600g套装 ,质量不错,177
18884004316,联合利华清扬男士活力运动洗发露水500g+凌仕沐浴乳清洁600g套装 ,物流快,165
18884004316,联合利华清扬男士活力运动洗发露水500g+凌仕沐浴乳清洁600g套装 ,洗发水还行,77
18884004316,联合利华清扬男士活力运动洗发露水500g+凌仕沐浴乳清洁600g套装 ,气味一般,27
524835100898,CLEAR/清扬 男士去屑洗发露(清爽控油型) ,划算,542
524835100898,CLEAR/清扬 男士去屑洗发露(清爽控油型) ,质量好,531
524835100898,CLEAR/清扬 男士去屑洗发露(清爽控油型) ,物流快,281
524835100898,CLEAR/清扬 男士去屑洗发露(清爽控油型) ,正品,233
524835100898,CLEAR/清扬 男士去屑洗发露(清爽控油型) ,气味不错,155
524835100898,CLEAR/清扬 男士去屑洗发露(清爽控油型) ,质量一般,72
520832053126,【清仓】联合利华清扬去头屑洗发露多效水润正品套装500g*2包邮 ,便宜,44
520832053126,【清仓】联合利华清扬去头屑洗发露多效水润正品套装500g*2包邮 ,物流快,35
520832053126,【清仓】联合利华清扬去头屑洗发露多效水润正品套装500g*2包邮 ,气味不错,34
520832053126,【清仓】联合利华清扬去头屑洗发露多效水润正品套装500g*2包邮 ,质量不错,33
520832053126,【清仓】联合利华清扬去头屑洗发露多效水润正品套装500g*2包邮 ,包装挺好,16
520832053126,【清仓】联合利华清扬去头屑洗发露多效水润正品套装500g*2包邮 ,质量一般,3
584991314005,HAIR RECIPE/发の食谱 Hair Recipe发之食谱洗发水 ,味道好闻,55
584991314005,HAIR RECIPE/发の食谱 Hair Recipe发之食谱洗发水 ,包装挺好,22
584991314005,HAIR RECIPE/发の食谱 Hair Recipe发之食谱洗发水 ,质量不错,21
584991314005,HAIR RECIPE/发の食谱 Hair Recipe发之食谱洗发水 ,快递不错,16
584991314005,HAIR RECIPE/发の食谱 Hair Recipe发之食谱洗发水 ,不油腻,13
584991314005,HAIR RECIPE/发の食谱 Hair Recipe发之食谱洗发水 ,不便宜,10
42836719878,L＇oreal/欧莱雅 头皮舒缓洗发水 ,清洁度强,50
42836719878,L＇oreal/欧莱雅 头皮舒缓洗发水 ,只是控油,50
42836719878,L＇oreal/欧莱雅 头皮舒缓洗发水 ,质量很好,44
42836719878,L＇oreal/欧莱雅 头皮舒缓洗发水 ,味道好闻,31
42836719878,L＇oreal/欧莱雅 头皮舒缓洗发水 ,划算,13
42836719878,L＇oreal/欧莱雅 头皮舒缓洗发水 ,服务好,12
555956019397,韩国Ryoe吕进口黑吕莹韧滋养固发洗发水无硅油洗发露400ml*2瓶 ,很划算,284
555956019397,韩国Ryoe吕进口黑吕莹韧滋养固发洗发水无硅油洗发露400ml*2瓶 ,快递不错,207
555956019397,韩国Ryoe吕进口黑吕莹韧滋养固发洗发水无硅油洗发露400ml*2瓶 ,质量不错,202
555956019397,韩国Ryoe吕进口黑吕莹韧滋养固发洗发水无硅油洗发露400ml*2瓶 ,味道好闻,183
555956019397,韩国Ryoe吕进口黑吕莹韧滋养固发洗发水无硅油洗发露400ml*2瓶 ,是正品,155
555956019397,韩国Ryoe吕进口黑吕莹韧滋养固发洗发水无硅油洗发露400ml*2瓶 ,味道不好闻,59
555943452204,Schwarzkopf/施华蔻 多效修护19洗发露 ,味道好闻,66
555943452204,Schwarzkopf/施华蔻 多效修护19洗发露 ,很便宜,27
555943452204,Schwarzkopf/施华蔻 多效修护19洗发露 ,质量很好,21
555943452204,Schwarzkopf/施华蔻 多效修护19洗发露 ,服务不错,17
555943452204,Schwarzkopf/施华蔻 多效修护19洗发露 ,物流快,17
555943452204,Schwarzkopf/施华蔻 多效修护19洗发露 ,味道不好闻,3
551908589619,RYOE/吕 黑吕洗发水 ,很便宜,481
551908589619,RYOE/吕 黑吕洗发水 ,包装很好,199
551908589619,RYOE/吕 黑吕洗发水 ,味道好闻,181
551908589619,RYOE/吕 黑吕洗发水 ,质量很好,151
551908589619,RYOE/吕 黑吕洗发水 ,是正品,121
551908589619,RYOE/吕 黑吕洗发水 ,味道不好闻,70
578532938256,施华蔻多效修护洗护套装改善干枯毛躁男女无硅油洗发水护发素1.4L ,味道好闻,100
578532938256,施华蔻多效修护洗护套装改善干枯毛躁男女无硅油洗发水护发素1.4L ,便宜,66
578532938256,施华蔻多效修护洗护套装改善干枯毛躁男女无硅油洗发水护发素1.4L ,质量很好,36
578532938256,施华蔻多效修护洗护套装改善干枯毛躁男女无硅油洗发水护发素1.4L ,物流快,36
578532938256,施华蔻多效修护洗护套装改善干枯毛躁男女无硅油洗发水护发素1.4L ,服务不错,29
578532938256,施华蔻多效修护洗护套装改善干枯毛躁男女无硅油洗发水护发素1.4L ,味道不好闻,5
40480927794,LUSH 丰盈洗发露 Big ,味道好闻,9
40480927794,LUSH 丰盈洗发露 Big ,清洁度强,6
40480927794,LUSH 丰盈洗发露 Big ,质量很好,5
40480927794,LUSH 丰盈洗发露 Big ,控油效果好,3
40480927794,LUSH 丰盈洗发露 Big ,不划算,5
535618134511,L'occitane/欧舒丹 强韧丰盈防落发洗发露 ,味道好闻,69
535618134511,L'occitane/欧舒丹 强韧丰盈防落发洗发露 ,包装挺好,60
535618134511,L'occitane/欧舒丹 强韧丰盈防落发洗发露 ,质量不错,31
535618134511,L'occitane/欧舒丹 强韧丰盈防落发洗发露 ,快递不错,18
535618134511,L'occitane/欧舒丹 强韧丰盈防落发洗发露 ,清洁度强,18
535618134511,L'occitane/欧舒丹 强韧丰盈防落发洗发露 ,小贵,24
587120279966,施华蔻多效修护洗发水护发素无硅油洗护套装男女士烫染受损家庭装 ,味道好闻,31
587120279966,施华蔻多效修护洗发水护发素无硅油洗护套装男女士烫染受损家庭装 ,便宜,23
587120279966,施华蔻多效修护洗发水护发素无硅油洗护套装男女士烫染受损家庭装 ,包装不错,10
587120279966,施华蔻多效修护洗发水护发素无硅油洗护套装男女士烫染受损家庭装 ,质量好,9
587120279966,施华蔻多效修护洗发水护发素无硅油洗护套装男女士烫染受损家庭装 ,发货快,6
587120279966,施华蔻多效修护洗发水护发素无硅油洗护套装男女士烫染受损家庭装 ,清洁度强,5
17525678796,淘金币惠润柔净洗发露 600ml/洗发水护发资生堂授权正品HN3012 ,气味不错,39
17525678796,淘金币惠润柔净洗发露 600ml/洗发水护发资生堂授权正品HN3012 ,物流快,26
17525678796,淘金币惠润柔净洗发露 600ml/洗发水护发资生堂授权正品HN3012 ,质量很好,16
17525678796,淘金币惠润柔净洗发露 600ml/洗发水护发资生堂授权正品HN3012 ,便宜,15
17525678796,淘金币惠润柔净洗发露 600ml/洗发水护发资生堂授权正品HN3012 ,洗头膏很好,10
17525678796,淘金币惠润柔净洗发露 600ml/洗发水护发资生堂授权正品HN3012 ,质量一般,4
42601369281,L'occitane/欧舒丹 5合1草本精华修护洗发露 ,味道好闻,69
42601369281,L'occitane/欧舒丹 5合1草本精华修护洗发露 ,质量很好,43
42601369281,L'occitane/欧舒丹 5合1草本精华修护洗发露 ,包装很好,32
42601369281,L'occitane/欧舒丹 5合1草本精华修护洗发露 ,便宜,32
42601369281,L'occitane/欧舒丹 5合1草本精华修护洗发露 ,快递不错,23
42601369281,L'occitane/欧舒丹 5合1草本精华修护洗发露 ,味道不好闻,7
42300438802,Shiseido/资生堂 护理道头皮生机洗发露 ,质量不错,10
42300438802,Shiseido/资生堂 护理道头皮生机洗发露 ,与描述相符,9
42300438802,Shiseido/资生堂 护理道头皮生机洗发露 ,物流快,7
42300438802,Shiseido/资生堂 护理道头皮生机洗发露 ,气味不错,7
42300438802,Shiseido/资生堂 护理道头皮生机洗发露 ,很划算,6
42300438802,Shiseido/资生堂 护理道头皮生机洗发露 ,顺滑度不错,5
535916926736,蜂花 无硅健发洗发露 ,便宜,870
535916926736,蜂花 无硅健发洗发露 ,气味不错,439
535916926736,蜂花 无硅健发洗发露 ,质量好,333
535916926736,蜂花 无硅健发洗发露 ,服务不错,238
535916926736,蜂花 无硅健发洗发露 ,物流快,237
535916926736,蜂花 无硅健发洗发露 ,包装有点差,47
575356873441,Shiseido/资生堂 不老林 ,气味不错,5
592306207948,韩国进口Ryo黑吕莹韧滋养洗发水人参养发洗发露400ml*2瓶 ,划算,20
592306207948,韩国进口Ryo黑吕莹韧滋养洗发水人参养发洗发露400ml*2瓶 ,物流快,8
592306207948,韩国进口Ryo黑吕莹韧滋养洗发水人参养发洗发露400ml*2瓶 ,质量不错,7
592306207948,韩国进口Ryo黑吕莹韧滋养洗发水人参养发洗发露400ml*2瓶 ,包装挺好,6
592306207948,韩国进口Ryo黑吕莹韧滋养洗发水人参养发洗发露400ml*2瓶 ,味道好闻,5
592306207948,韩国进口Ryo黑吕莹韧滋养洗发水人参养发洗发露400ml*2瓶 ,味道不好闻,3
523383904919,沙宣 修护水养洗发露 ,很便宜,3387
523383904919,沙宣 修护水养洗发露 ,快递不错,1142
523383904919,沙宣 修护水养洗发露 ,质量好,988
523383904919,沙宣 修护水养洗发露 ,气味不错,968
523383904919,沙宣 修护水养洗发露 ,顺滑度不错,650
523383904919,沙宣 修护水养洗发露 ,质量一般,97
36817740554,沙宣 水润去屑洗发露 ,很便宜,944
36817740554,沙宣 水润去屑洗发露 ,气味不错,683
36817740554,沙宣 水润去屑洗发露 ,物流快,545
36817740554,沙宣 水润去屑洗发露 ,质量好,481
36817740554,沙宣 水润去屑洗发露 ,顺滑度不错,403
36817740554,沙宣 水润去屑洗发露 ,质量一般,56
567909659268,RE-SHOW/瑞丝 101瑞丝防脱香波 ,质量很好,603
567909659268,RE-SHOW/瑞丝 101瑞丝防脱香波 ,服务不错,263
567909659268,RE-SHOW/瑞丝 101瑞丝防脱香波 ,味道好闻,218
567909659268,RE-SHOW/瑞丝 101瑞丝防脱香波 ,物流快,208
567909659268,RE-SHOW/瑞丝 101瑞丝防脱香波 ,不油腻,169
567909659268,RE-SHOW/瑞丝 101瑞丝防脱香波 ,质量一般,49
539966896338,SEEYOUNG/滋源 生姜强根健发洗头水 ,划算,340
539966896338,SEEYOUNG/滋源 生姜强根健发洗头水 ,质量很好,245
539966896338,SEEYOUNG/滋源 生姜强根健发洗头水 ,物流快,214
539966896338,SEEYOUNG/滋源 生姜强根健发洗头水 ,气味不错,148
539966896338,SEEYOUNG/滋源 生姜强根健发洗头水 ,发膜特别好,83
539966896338,SEEYOUNG/滋源 生姜强根健发洗头水 ,质量一般,29
529411927274,syoss丝蕴无硅水润洗发水套装750ml*2无硅油家庭装洗发露控油T1 ,很便宜,1772
529411927274,syoss丝蕴无硅水润洗发水套装750ml*2无硅油家庭装洗发露控油T1 ,物流快,478
529411927274,syoss丝蕴无硅水润洗发水套装750ml*2无硅油家庭装洗发露控油T1 ,味道好闻,465
529411927274,syoss丝蕴无硅水润洗发水套装750ml*2无硅油家庭装洗发露控油T1 ,质量好,429
529411927274,syoss丝蕴无硅水润洗发水套装750ml*2无硅油家庭装洗发露控油T1 ,清洁度强,158
529411927274,syoss丝蕴无硅水润洗发水套装750ml*2无硅油家庭装洗发露控油T1 ,质量一般,74
6216068542,霸王 育发洗发水 ,质量不错,457
6216068542,霸王 育发洗发水 ,物流快,342
6216068542,霸王 育发洗发水 ,气味不错,302
6216068542,霸王 育发洗发水 ,服务好,268
6216068542,霸王 育发洗发水 ,洗发水很好,117
6216068542,霸王 育发洗发水 ,质量一般,94
41103859257,SEEYOUNG/滋源 无患子保湿滋养洗头水 ,很划算,292
41103859257,SEEYOUNG/滋源 无患子保湿滋养洗头水 ,快递不错,167
41103859257,SEEYOUNG/滋源 无患子保湿滋养洗头水 ,质量很好,161
41103859257,SEEYOUNG/滋源 无患子保湿滋养洗头水 ,味道好闻,155
41103859257,SEEYOUNG/滋源 无患子保湿滋养洗头水 ,没有油腻,84
41103859257,SEEYOUNG/滋源 无患子保湿滋养洗头水 ,质量一般,12
526957369801,Rene Furterer/馥绿德雅 复合精油强健洗发露单只 ,味道好闻,62
526957369801,Rene Furterer/馥绿德雅 复合精油强健洗发露单只 ,质量不错,47
526957369801,Rene Furterer/馥绿德雅 复合精油强健洗发露单只 ,清洁度强,46
526957369801,Rene Furterer/馥绿德雅 复合精油强健洗发露单只 ,控油,38
526957369801,Rene Furterer/馥绿德雅 复合精油强健洗发露单只 ,便宜,30
526957369801,Rene Furterer/馥绿德雅 复合精油强健洗发露单只 ,不便宜,26
525899251841,SEEYOUNG/滋源 无患子控油清爽洗头水 ,便宜,1535
525899251841,SEEYOUNG/滋源 无患子控油清爽洗头水 ,快递不错,640
525899251841,SEEYOUNG/滋源 无患子控油清爽洗头水 ,质量好,605
525899251841,SEEYOUNG/滋源 无患子控油清爽洗头水 ,气味不错,518
525899251841,SEEYOUNG/滋源 无患子控油清爽洗头水 ,洗发水很好,285
525899251841,SEEYOUNG/滋源 无患子控油清爽洗头水 ,质量一般,61
43879868316,Leiws/贝维诗 罗马香疗滋润洗发露 ,味道好闻,315
43879868316,Leiws/贝维诗 罗马香疗滋润洗发露 ,质量很好,97
43879868316,Leiws/贝维诗 罗马香疗滋润洗发露 ,便宜,67
43879868316,Leiws/贝维诗 罗马香疗滋润洗发露 ,物流快,54
43879868316,Leiws/贝维诗 罗马香疗滋润洗发露 ,正品,44
43879868316,Leiws/贝维诗 罗马香疗滋润洗发露 ,味道不好闻,15
526976130082,KLORANE/康如 柔润倍护免洗喷雾 ,质量不错,128
526976130082,KLORANE/康如 柔润倍护免洗喷雾 ,味道好闻,102
526976130082,KLORANE/康如 柔润倍护免洗喷雾 ,控油,79
526976130082,KLORANE/康如 柔润倍护免洗喷雾 ,很划算,50
526976130082,KLORANE/康如 柔润倍护免洗喷雾 ,清洁度强,39
526976130082,KLORANE/康如 柔润倍护免洗喷雾 ,质量一般,28
42212797287,Enchanteur/艾诗 芬香清爽洗发露浪漫花香500ml ,气味不错,178
42212797287,Enchanteur/艾诗 芬香清爽洗发露浪漫花香500ml ,质量很好,36
42212797287,Enchanteur/艾诗 芬香清爽洗发露浪漫花香500ml ,洗发露很好,33
42212797287,Enchanteur/艾诗 芬香清爽洗发露浪漫花香500ml ,快递不错,20
42212797287,Enchanteur/艾诗 芬香清爽洗发露浪漫花香500ml ,服务态度好,18
42212797287,Enchanteur/艾诗 芬香清爽洗发露浪漫花香500ml ,气味一般,19
40530672006,LUSH 再新洗发皂 New ,味道好闻,41
40530672006,LUSH 再新洗发皂 New ,清洁度强,36
40530672006,LUSH 再新洗发皂 New ,去油挺好的,29
40530672006,LUSH 再新洗发皂 New ,质量很好,29
40530672006,LUSH 再新洗发皂 New ,包装很好,22
40530672006,LUSH 再新洗发皂 New ,味道不好闻,17
10748388774,霸王 首乌固发洗发液 ,质量很好,47
10748388774,霸王 首乌固发洗发液 ,很便宜,47
10748388774,霸王 首乌固发洗发液 ,服务好,30
10748388774,霸王 首乌固发洗发液 ,味道好闻,28
10748388774,霸王 首乌固发洗发液 ,物流快,27
10748388774,霸王 首乌固发洗发液 ,质量一般,10
579416351487,落健 防脱增发泡沫溶液 ,质量很好,32
579416351487,落健 防脱增发泡沫溶液 ,快递不错,11
579416351487,落健 防脱增发泡沫溶液 ,服务态度好,10
579416351487,落健 防脱增发泡沫溶液 ,跟描述一致,4
579416351487,落健 防脱增发泡沫溶液 ,温和不刺激,3
579416351487,落健 防脱增发泡沫溶液 ,质量一般,4
570072710472,霸王育发防脱发生姜洗发水增发密发男女士旗舰店官网非营养液生发 ,质量很好,1993
570072710472,霸王育发防脱发生姜洗发水增发密发男女士旗舰店官网非营养液生发 ,气味不错,818
570072710472,霸王育发防脱发生姜洗发水增发密发男女士旗舰店官网非营养液生发 ,物流快,679
570072710472,霸王育发防脱发生姜洗发水增发密发男女士旗舰店官网非营养液生发 ,包装很好,615
570072710472,霸王育发防脱发生姜洗发水增发密发男女士旗舰店官网非营养液生发 ,洗发水好用,563
570072710472,霸王育发防脱发生姜洗发水增发密发男女士旗舰店官网非营养液生发 ,质量一般,37
18715573371,Zooly/卓蓝雅 卓蓝雅防脱育发洗发露 ,质量很好,533
18715573371,Zooly/卓蓝雅 卓蓝雅防脱育发洗发露 ,便宜,346
18715573371,Zooly/卓蓝雅 卓蓝雅防脱育发洗发露 ,味道好闻,330
18715573371,Zooly/卓蓝雅 卓蓝雅防脱育发洗发露 ,服务态度好,272
18715573371,Zooly/卓蓝雅 卓蓝雅防脱育发洗发露 ,去油很好,178
18715573371,Zooly/卓蓝雅 卓蓝雅防脱育发洗发露 ,质量一般,74
587577478488,沙宣洗发水护发素套装500ml*3瓶控油去油修护水养旗舰店官方旗舰 ,划算,10
587577478488,沙宣洗发水护发素套装500ml*3瓶控油去油修护水养旗舰店官方旗舰 ,气味不错,10
587577478488,沙宣洗发水护发素套装500ml*3瓶控油去油修护水养旗舰店官方旗舰 ,质量很好,5
587577478488,沙宣洗发水护发素套装500ml*3瓶控油去油修护水养旗舰店官方旗舰 ,物流快,4
587577478488,沙宣洗发水护发素套装500ml*3瓶控油去油修护水养旗舰店官方旗舰 ,和描述一致,3
587577478488,沙宣洗发水护发素套装500ml*3瓶控油去油修护水养旗舰店官方旗舰 ,顺滑度不错,3
586163992314,潘婷洗发水500ml*2瓶丝质顺滑控油香味持久留香旗舰店官方旗舰 ,气味不错,83
586163992314,潘婷洗发水500ml*2瓶丝质顺滑控油香味持久留香旗舰店官方旗舰 ,质量很好,45
586163992314,潘婷洗发水500ml*2瓶丝质顺滑控油香味持久留香旗舰店官方旗舰 ,很便宜,39
586163992314,潘婷洗发水500ml*2瓶丝质顺滑控油香味持久留香旗舰店官方旗舰 ,顺滑度不错,36
586163992314,潘婷洗发水500ml*2瓶丝质顺滑控油香味持久留香旗舰店官方旗舰 ,物流快,28
586163992314,潘婷洗发水500ml*2瓶丝质顺滑控油香味持久留香旗舰店官方旗舰 ,质量一般,12
540635575414,KLORANE/康如 头皮舒缓洗发露 ,味道好闻,218
540635575414,KLORANE/康如 头皮舒缓洗发露 ,很便宜,83
540635575414,KLORANE/康如 头皮舒缓洗发露 ,清洁度强,77
540635575414,KLORANE/康如 头皮舒缓洗发露 ,质量不错,64
540635575414,KLORANE/康如 头皮舒缓洗发露 ,不油,37
540635575414,KLORANE/康如 头皮舒缓洗发露 ,质量一般,18
576010311623,霸王 200ml霸王女士防脱洗发液 ,质量好,590
576010311623,霸王 200ml霸王女士防脱洗发液 ,味道好闻,432
576010311623,霸王 200ml霸王女士防脱洗发液 ,温和不刺激,224
576010311623,霸王 200ml霸王女士防脱洗发液 ,包装不错,207
576010311623,霸王 200ml霸王女士防脱洗发液 ,快递不错,194
576010311623,霸王 200ml霸王女士防脱洗发液 ,防晒效果一般,41
44867434004,巴登魔瓶 迷迭香控油洗发水 ,是控油的,966
44867434004,巴登魔瓶 迷迭香控油洗发水 ,味道好闻,813
44867434004,巴登魔瓶 迷迭香控油洗发水 ,质量好,600
44867434004,巴登魔瓶 迷迭香控油洗发水 ,清洁度强,480
44867434004,巴登魔瓶 迷迭香控油洗发水 ,服务不错,479
44867434004,巴登魔瓶 迷迭香控油洗发水 ,味道不好闻,595
12988229222,syoss丝蕴深层修护洗发水护发素洗护套装1.75L家庭装修护烫染T3 ,很划算,406
12988229222,syoss丝蕴深层修护洗发水护发素洗护套装1.75L家庭装修护烫染T3 ,味道好闻,95
12988229222,syoss丝蕴深层修护洗发水护发素洗护套装1.75L家庭装修护烫染T3 ,质量好,87
12988229222,syoss丝蕴深层修护洗发水护发素洗护套装1.75L家庭装修护烫染T3 ,物流快,85
12988229222,syoss丝蕴深层修护洗发水护发素洗护套装1.75L家庭装修护烫染T3 ,包装不错,47
12988229222,syoss丝蕴深层修护洗发水护发素洗护套装1.75L家庭装修护烫染T3 ,质量一般,18
524007275779,发雅丝 姜医生防脱育发洗发露 ,质量不错,355
524007275779,发雅丝 姜医生防脱育发洗发露 ,快递不错,129
524007275779,发雅丝 姜医生防脱育发洗发露 ,味道好闻,124
524007275779,发雅丝 姜医生防脱育发洗发露 ,包装挺好,101
524007275779,发雅丝 姜医生防脱育发洗发露 ,买了控油的,61
524007275779,发雅丝 姜医生防脱育发洗发露 ,质量一般,16
531264430718,正品飘柔洗发水1000ml*2瓶兰花清爽去屑止痒男士女士家庭装洗发露 ,划算,138
531264430718,正品飘柔洗发水1000ml*2瓶兰花清爽去屑止痒男士女士家庭装洗发露 ,正品,57
531264430718,正品飘柔洗发水1000ml*2瓶兰花清爽去屑止痒男士女士家庭装洗发露 ,质量好,53
531264430718,正品飘柔洗发水1000ml*2瓶兰花清爽去屑止痒男士女士家庭装洗发露 ,物流快,44
531264430718,正品飘柔洗发水1000ml*2瓶兰花清爽去屑止痒男士女士家庭装洗发露 ,气味不错,29
531264430718,正品飘柔洗发水1000ml*2瓶兰花清爽去屑止痒男士女士家庭装洗发露 ,洗发水不错,15
536285268742,笛梵洗发水护发素套装去屑止痒控油持久留香无硅油女香水型组合装 ,味道好闻,131
536285268742,笛梵洗发水护发素套装去屑止痒控油持久留香无硅油女香水型组合装 ,质量不错,53
536285268742,笛梵洗发水护发素套装去屑止痒控油持久留香无硅油女香水型组合装 ,很划算,33
536285268742,笛梵洗发水护发素套装去屑止痒控油持久留香无硅油女香水型组合装 ,服务好,30
536285268742,笛梵洗发水护发素套装去屑止痒控油持久留香无硅油女香水型组合装 ,物流快,30
536285268742,笛梵洗发水护发素套装去屑止痒控油持久留香无硅油女香水型组合装 ,质量一般,6
15133856380,惠润 柔净洗发露 ,气味不错,30
15133856380,惠润 柔净洗发露 ,实惠,23
15133856380,惠润 柔净洗发露 ,物流快,13
15133856380,惠润 柔净洗发露 ,质量不错,12
15133856380,惠润 柔净洗发露 ,服务不错,10
15133856380,惠润 柔净洗发露 ,人群,4
538885437229,飘柔男女士护理兰花清爽去屑洗发露家庭装1000ml*2正品洗发水 ,很便宜,101
538885437229,飘柔男女士护理兰花清爽去屑洗发露家庭装1000ml*2正品洗发水 ,是正品,50
538885437229,飘柔男女士护理兰花清爽去屑洗发露家庭装1000ml*2正品洗发水 ,质量不错,50
538885437229,飘柔男女士护理兰花清爽去屑洗发露家庭装1000ml*2正品洗发水 ,态度不错,29
538885437229,飘柔男女士护理兰花清爽去屑洗发露家庭装1000ml*2正品洗发水 ,气味不错,16
538885437229,飘柔男女士护理兰花清爽去屑洗发露家庭装1000ml*2正品洗发水 ,质量一般,4
527331623162,多芬洗发水露液洗头膏护发素沐浴露乳持久留香家庭套装男女士正品 ,很划算,304
527331623162,多芬洗发水露液洗头膏护发素沐浴露乳持久留香家庭套装男女士正品 ,气味不错,255
527331623162,多芬洗发水露液洗头膏护发素沐浴露乳持久留香家庭套装男女士正品 ,质量好,143
527331623162,多芬洗发水露液洗头膏护发素沐浴露乳持久留香家庭套装男女士正品 ,有赠品,111
527331623162,多芬洗发水露液洗头膏护发素沐浴露乳持久留香家庭套装男女士正品 ,顺滑度不错,95
527331623162,多芬洗发水露液洗头膏护发素沐浴露乳持久留香家庭套装男女士正品 ,质量一般,38
36467944322,REJOICE/飘柔 家庭护理绿茶长效清爽去油洗发露 ,很划算,67
36467944322,REJOICE/飘柔 家庭护理绿茶长效清爽去油洗发露 ,气味不错,60
36467944322,REJOICE/飘柔 家庭护理绿茶长效清爽去油洗发露 ,质量好,53
36467944322,REJOICE/飘柔 家庭护理绿茶长效清爽去油洗发露 ,物流快,39
36467944322,REJOICE/飘柔 家庭护理绿茶长效清爽去油洗发露 ,正品,31
36467944322,REJOICE/飘柔 家庭护理绿茶长效清爽去油洗发露 ,质量一般,8
529345611008,多芬洗发水露液洗头膏护发素沐浴露乳持久留香家庭套装男女士正品 ,划算,170
529345611008,多芬洗发水露液洗头膏护发素沐浴露乳持久留香家庭套装男女士正品 ,气味不错,147
529345611008,多芬洗发水露液洗头膏护发素沐浴露乳持久留香家庭套装男女士正品 ,质量好,99
529345611008,多芬洗发水露液洗头膏护发素沐浴露乳持久留香家庭套装男女士正品 ,有赠品,89
529345611008,多芬洗发水露液洗头膏护发素沐浴露乳持久留香家庭套装男女士正品 ,顺滑度不错,48
529345611008,多芬洗发水露液洗头膏护发素沐浴露乳持久留香家庭套装男女士正品 ,气味一般,10
535620243453,力士洗发水液露洗头膏沐浴露乳护发素家庭套装持久留香男女士正品 ,气味不错,380
535620243453,力士洗发水液露洗头膏沐浴露乳护发素家庭套装持久留香男女士正品 ,划算,328
535620243453,力士洗发水液露洗头膏沐浴露乳护发素家庭套装持久留香男女士正品 ,质量很好,259
535620243453,力士洗发水液露洗头膏沐浴露乳护发素家庭套装持久留香男女士正品 ,快递不错,170
535620243453,力士洗发水液露洗头膏沐浴露乳护发素家庭套装持久留香男女士正品 ,洗发膏还行,136
535620243453,力士洗发水液露洗头膏沐浴露乳护发素家庭套装持久留香男女士正品 ,质量一般,40
38155268162,阿道夫 滋润修护洗发水+护发素+沐浴露 ,气味不错,191
38155268162,阿道夫 滋润修护洗发水+护发素+沐浴露 ,质量好,60
38155268162,阿道夫 滋润修护洗发水+护发素+沐浴露 ,很划算,51
38155268162,阿道夫 滋润修护洗发水+护发素+沐浴露 ,物流快,45
38155268162,阿道夫 滋润修护洗发水+护发素+沐浴露 ,正品,41
38155268162,阿道夫 滋润修护洗发水+护发素+沐浴露 ,气味一般,21
37365241226,阿道夫 净澈清爽 ,气味不错,332
37365241226,阿道夫 净澈清爽 ,质量好,81
37365241226,阿道夫 净澈清爽 ,物流快,61
37365241226,阿道夫 净澈清爽 ,顺滑度不错,56
37365241226,阿道夫 净澈清爽 ,洗发水很香,50
37365241226,阿道夫 净澈清爽 ,不划算,40
522051231104,Schwarzkopf/施华蔻 8金纯盈润精油洗发露 ,味道好闻,14
522051231104,Schwarzkopf/施华蔻 8金纯盈润精油洗发露 ,物流快,8
522051231104,Schwarzkopf/施华蔻 8金纯盈润精油洗发露 ,服务不错,4
522051231104,Schwarzkopf/施华蔻 8金纯盈润精油洗发露 ,价格贵,12
536928276041,阿道夫 去屑止痒 ,气味不错,423
536928276041,阿道夫 去屑止痒 ,质量好,154
536928276041,阿道夫 去屑止痒 ,快递不错,102
536928276041,阿道夫 去屑止痒 ,洗发水很香,90
536928276041,阿道夫 去屑止痒 ,是正品,89
536928276041,阿道夫 去屑止痒 ,不便宜,83
14554057566,Schwarzkopf/施华蔻 羊绒脂滋养洗发露 ,味道好闻,25
14554057566,Schwarzkopf/施华蔻 羊绒脂滋养洗发露 ,便宜,12
14554057566,Schwarzkopf/施华蔻 羊绒脂滋养洗发露 ,质量很好,11
14554057566,Schwarzkopf/施华蔻 羊绒脂滋养洗发露 ,包装很好,7
14554057566,Schwarzkopf/施华蔻 羊绒脂滋养洗发露 ,清洁度强,6
14554057566,Schwarzkopf/施华蔻 羊绒脂滋养洗发露 ,不划算,7
529615907984,KERASTASE/卡诗 黑钻凝时洗发水 ,味道好闻,31
529615907984,KERASTASE/卡诗 黑钻凝时洗发水 ,包装不错,29
529615907984,KERASTASE/卡诗 黑钻凝时洗发水 ,很便宜,25
529615907984,KERASTASE/卡诗 黑钻凝时洗发水 ,质量好,22
529615907984,KERASTASE/卡诗 黑钻凝时洗发水 ,清洁度强,7
529615907984,KERASTASE/卡诗 黑钻凝时洗发水 ,价格贵,26
45419637132,KERASTASE/卡诗 头皮系列舒缓丝盈洗发水 ,包装很好,77
45419637132,KERASTASE/卡诗 头皮系列舒缓丝盈洗发水 ,质量很好,46
45419637132,KERASTASE/卡诗 头皮系列舒缓丝盈洗发水 ,很划算,40
45419637132,KERASTASE/卡诗 头皮系列舒缓丝盈洗发水 ,味道好闻,34
45419637132,KERASTASE/卡诗 头皮系列舒缓丝盈洗发水 ,清洁度强,32
45419637132,KERASTASE/卡诗 头皮系列舒缓丝盈洗发水 ,价格贵,29
577406454349,阿道夫 轻柔洗发水 ,味道好闻,95
577406454349,阿道夫 轻柔洗发水 ,质量不错,42
577406454349,阿道夫 轻柔洗发水 ,很便宜,30
577406454349,阿道夫 轻柔洗发水 ,态度不错,24
577406454349,阿道夫 轻柔洗发水 ,快递不错,21
577406454349,阿道夫 轻柔洗发水 ,味道不好闻,12
45757754915,阿道夫 姜汁养发育发洗发乳 ,气味不错,24
45757754915,阿道夫 姜汁养发育发洗发乳 ,质量好,17
45757754915,阿道夫 姜汁养发育发洗发乳 ,快递不错,10
45757754915,阿道夫 姜汁养发育发洗发乳 ,实惠,8
45757754915,阿道夫 姜汁养发育发洗发乳 ,洗发水很好,6
45757754915,阿道夫 姜汁养发育发洗发乳 ,小贵,8
524011612556,海飞丝 丝质柔滑型去屑洗发水500ml*3 ,便宜,5410
524011612556,海飞丝 丝质柔滑型去屑洗发水500ml*3 ,质量好,2059
524011612556,海飞丝 丝质柔滑型去屑洗发水500ml*3 ,物流快,1731
524011612556,海飞丝 丝质柔滑型去屑洗发水500ml*3 ,正品,1689
524011612556,海飞丝 丝质柔滑型去屑洗发水500ml*3 ,气味不错,894
524011612556,海飞丝 丝质柔滑型去屑洗发水500ml*3 ,质量一般,160
591647760188,海飞丝 丝质柔滑洗发水 ,划算,1146
591647760188,海飞丝 丝质柔滑洗发水 ,质量好,347
591647760188,海飞丝 丝质柔滑洗发水 ,正品,305
591647760188,海飞丝 丝质柔滑洗发水 ,物流快,279
591647760188,海飞丝 丝质柔滑洗发水 ,气味不错,204
591647760188,海飞丝 丝质柔滑洗发水 ,质量一般,49
578000880700,【官方正品】红吕滋养干枯改善毛躁柔顺洗发露女洗发水清香920g ,实惠,105
578000880700,【官方正品】红吕滋养干枯改善毛躁柔顺洗发露女洗发水清香920g ,味道好闻,102
578000880700,【官方正品】红吕滋养干枯改善毛躁柔顺洗发露女洗发水清香920g ,质量不错,51
578000880700,【官方正品】红吕滋养干枯改善毛躁柔顺洗发露女洗发水清香920g ,服务不错,34
578000880700,【官方正品】红吕滋养干枯改善毛躁柔顺洗发露女洗发水清香920g ,物流快,32
578000880700,【官方正品】红吕滋养干枯改善毛躁柔顺洗发露女洗发水清香920g ,味道不好闻,12
562383397584,Shiseido/资生堂 FINO 美容复合精华洗发水 滋润型 ,味道好闻,262
562383397584,Shiseido/资生堂 FINO 美容复合精华洗发水 滋润型 ,物流快,99
562383397584,Shiseido/资生堂 FINO 美容复合精华洗发水 滋润型 ,质量很好,88
562383397584,Shiseido/资生堂 FINO 美容复合精华洗发水 滋润型 ,包装很好,62
562383397584,Shiseido/资生堂 FINO 美容复合精华洗发水 滋润型 ,保湿滋润,62
562383397584,Shiseido/资生堂 FINO 美容复合精华洗发水 滋润型 ,味道不好闻,15
538973098368,包邮清扬洗发水男士去屑活力运动薄荷型洗发露套装洗发乳液洗发液 ,质量很好,44
538973098368,包邮清扬洗发水男士去屑活力运动薄荷型洗发露套装洗发乳液洗发液 ,划算,31
538973098368,包邮清扬洗发水男士去屑活力运动薄荷型洗发露套装洗发乳液洗发液 ,物流快,20
538973098368,包邮清扬洗发水男士去屑活力运动薄荷型洗发露套装洗发乳液洗发液 ,气味不错,15
538973098368,包邮清扬洗发水男士去屑活力运动薄荷型洗发露套装洗发乳液洗发液 ,包装很好,13
538973098368,包邮清扬洗发水男士去屑活力运动薄荷型洗发露套装洗发乳液洗发液 ,质量一般,3
574424424410,资生堂Fino发膜洗发水护发素套装修护毛躁干枯受损发230g+550ml*2 ,味道好闻,172
574424424410,资生堂Fino发膜洗发水护发素套装修护毛躁干枯受损发230g+550ml*2 ,质量好,120
574424424410,资生堂Fino发膜洗发水护发素套装修护毛躁干枯受损发230g+550ml*2 ,实惠,93
574424424410,资生堂Fino发膜洗发水护发素套装修护毛躁干枯受损发230g+550ml*2 ,物流快,85
574424424410,资生堂Fino发膜洗发水护发素套装修护毛躁干枯受损发230g+550ml*2 ,保湿滋润,40
574424424410,资生堂Fino发膜洗发水护发素套装修护毛躁干枯受损发230g+550ml*2 ,质量一般,21
565074252521,【官方正品】黑吕洗发水护发素改善毛躁臻参洗护套装香400ml*2 ,味道好闻,34
565074252521,【官方正品】黑吕洗发水护发素改善毛躁臻参洗护套装香400ml*2 ,便宜,30
565074252521,【官方正品】黑吕洗发水护发素改善毛躁臻参洗护套装香400ml*2 ,包装不错,29
565074252521,【官方正品】黑吕洗发水护发素改善毛躁臻参洗护套装香400ml*2 ,质量好,26
565074252521,【官方正品】黑吕洗发水护发素改善毛躁臻参洗护套装香400ml*2 ,态度不错,24
565074252521,【官方正品】黑吕洗发水护发素改善毛躁臻参洗护套装香400ml*2 ,味道不好闻,8
41901491731,清扬男士去屑洗发露清爽控油薄荷止痒洗发乳400ml/750ml洗发水 ,质量不错,19
41901491731,清扬男士去屑洗发露清爽控油薄荷止痒洗发乳400ml/750ml洗发水 ,便宜,12
41901491731,清扬男士去屑洗发露清爽控油薄荷止痒洗发乳400ml/750ml洗发水 ,洗发水很好,8
41901491731,清扬男士去屑洗发露清爽控油薄荷止痒洗发乳400ml/750ml洗发水 ,快递不错,8
41901491731,清扬男士去屑洗发露清爽控油薄荷止痒洗发乳400ml/750ml洗发水 ,服务态度好,7
41901491731,清扬男士去屑洗发露清爽控油薄荷止痒洗发乳400ml/750ml洗发水 ,质量一般,5
569837502671,欧莱雅辛芷蕾同款大金瓶奇焕垂顺无硅油洗发水护发素洗护套装女士 ,味道好闻,2044
569837502671,欧莱雅辛芷蕾同款大金瓶奇焕垂顺无硅油洗发水护发素洗护套装女士 ,便宜,1043
569837502671,欧莱雅辛芷蕾同款大金瓶奇焕垂顺无硅油洗发水护发素洗护套装女士 ,质量好,622
569837502671,欧莱雅辛芷蕾同款大金瓶奇焕垂顺无硅油洗发水护发素洗护套装女士 ,包装不错,518
569837502671,欧莱雅辛芷蕾同款大金瓶奇焕垂顺无硅油洗发水护发素洗护套装女士 ,清洁度强,235
569837502671,欧莱雅辛芷蕾同款大金瓶奇焕垂顺无硅油洗发水护发素洗护套装女士 ,味道不好闻,78
539156133268,植观氨基酸洗发水丰盈蓬松控油去油无硅油洗发乳套装251g*2 ,这个控油,30
539156133268,植观氨基酸洗发水丰盈蓬松控油去油无硅油洗发乳套装251g*2 ,质量不错,28
539156133268,植观氨基酸洗发水丰盈蓬松控油去油无硅油洗发乳套装251g*2 ,味道好闻,26
539156133268,植观氨基酸洗发水丰盈蓬松控油去油无硅油洗发乳套装251g*2 ,划算,23
539156133268,植观氨基酸洗发水丰盈蓬松控油去油无硅油洗发乳套装251g*2 ,服务不错,18
539156133268,植观氨基酸洗发水丰盈蓬松控油去油无硅油洗发乳套装251g*2 ,质量一般,5
18017110922,CLEAR/清扬 男士洗发水去屑洗发露清爽 ,物流快,256
18017110922,CLEAR/清扬 男士洗发水去屑洗发露清爽 ,质量好,170
18017110922,CLEAR/清扬 男士洗发水去屑洗发露清爽 ,很划算,167
18017110922,CLEAR/清扬 男士洗发水去屑洗发露清爽 ,正品,69
18017110922,CLEAR/清扬 男士洗发水去屑洗发露清爽 ,气味不错,47
18017110922,CLEAR/清扬 男士洗发水去屑洗发露清爽 ,质量一般,12
41172632585,海飞丝 去屑洗发露(清爽去油型) ,实惠,196
41172632585,海飞丝 去屑洗发露(清爽去油型) ,质量好,166
41172632585,海飞丝 去屑洗发露(清爽去油型) ,是正品,143
41172632585,海飞丝 去屑洗发露(清爽去油型) ,快递不错,115
41172632585,海飞丝 去屑洗发露(清爽去油型) ,气味不错,93
41172632585,海飞丝 去屑洗发露(清爽去油型) ,质量一般,28
538261821019,欧莱雅美发精油润养洗发水露700ml*2 密集润养 柔顺亮泽 正品包邮 ,味道好闻,34
538261821019,欧莱雅美发精油润养洗发水露700ml*2 密集润养 柔顺亮泽 正品包邮 ,质量不错,24
538261821019,欧莱雅美发精油润养洗发水露700ml*2 密集润养 柔顺亮泽 正品包邮 ,快递不错,24
538261821019,欧莱雅美发精油润养洗发水露700ml*2 密集润养 柔顺亮泽 正品包邮 ,包装挺好,21
538261821019,欧莱雅美发精油润养洗发水露700ml*2 密集润养 柔顺亮泽 正品包邮 ,很便宜,20
538261821019,欧莱雅美发精油润养洗发水露700ml*2 密集润养 柔顺亮泽 正品包邮 ,味道不好闻,3
595617461720,清扬去头屑洗发水露樱花/活力/控油/男女士洗头膏多规格选 ,质量好,15
595617461720,清扬去头屑洗发水露樱花/活力/控油/男女士洗头膏多规格选 ,物流快,14
595617461720,清扬去头屑洗发水露樱花/活力/控油/男女士洗头膏多规格选 ,气味不错,14
595617461720,清扬去头屑洗发水露樱花/活力/控油/男女士洗头膏多规格选 ,服务不错,5
595617461720,清扬去头屑洗发水露樱花/活力/控油/男女士洗头膏多规格选 ,价格贵,7
595617461720,清扬去头屑洗发水露樱花/活力/控油/男女士洗头膏多规格选 ,质量一般,4
520845215302,海飞丝 去屑洗发露(丝质柔滑型) ,质量不错,75
520845215302,海飞丝 去屑洗发露(丝质柔滑型) ,很划算,72
520845215302,海飞丝 去屑洗发露(丝质柔滑型) ,正品,65
520845215302,海飞丝 去屑洗发露(丝质柔滑型) ,物流快,56
520845215302,海飞丝 去屑洗发露(丝质柔滑型) ,气味不错,38
520845215302,海飞丝 去屑洗发露(丝质柔滑型) ,质量一般,6
586504054346,海飞丝洗发水750ml旗舰店官方旗舰正品男女士清爽去油型去屑止痒 ,正品,55
586504054346,海飞丝洗发水750ml旗舰店官方旗舰正品男女士清爽去油型去屑止痒 ,便宜,51
586504054346,海飞丝洗发水750ml旗舰店官方旗舰正品男女士清爽去油型去屑止痒 ,气味不错,51
586504054346,海飞丝洗发水750ml旗舰店官方旗舰正品男女士清爽去油型去屑止痒 ,质量好,44
586504054346,海飞丝洗发水750ml旗舰店官方旗舰正品男女士清爽去油型去屑止痒 ,物流快,28
586504054346,海飞丝洗发水750ml旗舰店官方旗舰正品男女士清爽去油型去屑止痒 ,质量一般,16
537732938706,CLEAR/清扬 清扬男士去屑洗发水清爽控油 ,物流快,1585
537732938706,CLEAR/清扬 清扬男士去屑洗发水清爽控油 ,质量很好,1105
537732938706,CLEAR/清扬 清扬男士去屑洗发水清爽控油 ,便宜,1070
537732938706,CLEAR/清扬 清扬男士去屑洗发水清爽控油 ,正品,336
537732938706,CLEAR/清扬 清扬男士去屑洗发水清爽控油 ,气味不错,286
537732938706,CLEAR/清扬 清扬男士去屑洗发水清爽控油 ,质量一般,98
543622046405,欧莱雅男士活泉炭爽去油去头屑洗发水组合露头皮控油滋润深层清洁 ,实惠,34
543622046405,欧莱雅男士活泉炭爽去油去头屑洗发水组合露头皮控油滋润深层清洁 ,质量好,33
543622046405,欧莱雅男士活泉炭爽去油去头屑洗发水组合露头皮控油滋润深层清洁 ,包装不错,22
543622046405,欧莱雅男士活泉炭爽去油去头屑洗发水组合露头皮控油滋润深层清洁 ,快递不错,18
543622046405,欧莱雅男士活泉炭爽去油去头屑洗发水组合露头皮控油滋润深层清洁 ,味道好闻,16
543622046405,欧莱雅男士活泉炭爽去油去头屑洗发水组合露头皮控油滋润深层清洁 ,质量一般,3
595117645236,Hair Recipe发之食谱苹果生姜 洗发露530ml+润发乳280g ,味道好闻,15
595117645236,Hair Recipe发之食谱苹果生姜 洗发露530ml+润发乳280g ,包装很好,3
